Image Name,Score,Label Name,Label Index
IMG_20240819_230047.jpg,0.9941433072090149,One,2
IMG_20240819_230052.jpg,0.9939032196998596,One,2
IMG_20240819_230055.jpg,0.9882779717445374,Two,1
IMG_20240819_230106.jpg,0.9937078952789307,Three,0
